{
  "frames_processed": 370,
  "mean_latency_ms": 1155.708982162036,
  "median_latency_ms": 1301.947800006019,
  "p90_latency_ms": 1829.077660004259,
  "max_latency_ms": 2214.1866000019945,
  "evaluated_frames": 138,
  "mean_error_m": 109.05315881973424,
  "median_error_m": 103.03904580503138,
  "p90_error_m": 202.80094610427005,
  "p95_error_m": 204.18099131196112,
  "max_error_m": 358.26733026511243,
  "pct_under_50m": 26.811594202898554,
  "pct_under_100m": 49.275362318840585,
  "drone_evaluated_frames": 138,
  "drone_mean_error_m": 132.6664359777171,
  "drone_median_error_m": 87.99939514513025,
  "drone_p90_error_m": 300.71447234657006,
  "drone_p95_error_m": 308.8324544794335,
  "drone_max_error_m": 309.18840162508025,
  "drone_pct_under_50m": 30.434782608695656,
  "drone_pct_under_100m": 54.347826086956516,
  "state_counts": {
    "NO_ESTIMATE_ACQUIRE": 2,
    "ACQUIRE_ACCEPTED_REGION": 18,
    "HOLD_BAD_LOCAL": 36,
    "NO_ESTIMATE_REACQUIRE": 230,
    "FLOW_PROPAGATED_TRANSITION_HOLD": 1,
    "FLOW_PROPAGATED_HOLD": 61,
    "LOCKED_REGION": 22
  },
  "verified_output_frames": 138,
  "geometry_verified_output_frames": 138,
  "search_mode_counts": {
    "ACQUIRE_GLOBAL": 233,
    "LOCKED_REGION_FLOW_DYNAMIC": 137
  },
  "no_estimate_frames": 232,
  "valid_estimate_frames": 138,
  "fresh_geometry_frames": 40,
  "flow_propagated_frames": 62,
  "static_hold_frames": 36,
  "fresh_only_frames": 40,
  "fresh_only_evaluated_frames": 40,
  "fresh_only_mean_error_m": 96.48670119452159,
  "fresh_only_median_error_m": 71.02699447089712,
  "fresh_only_p90_error_m": 196.04317296415812,
  "fresh_only_p95_error_m": 203.54151113080238,
  "fresh_only_pct_under_100m": 55.00000000000001,
  "flow_propagated_only_frames": 62,
  "flow_propagated_only_evaluated_frames": 62,
  "flow_propagated_only_mean_error_m": 106.57708283033888,
  "flow_propagated_only_median_error_m": 81.93169234937564,
  "flow_propagated_only_p90_error_m": 200.5050539712768,
  "flow_propagated_only_p95_error_m": 202.65184323556815,
  "flow_propagated_only_pct_under_100m": 54.83870967741935
}