{
  "max_rank": 6,
  "min_inliers": 50,
  "min_inlier_ratio": 0.7,
  "min_dino_similarity": 0.98,
  "good_error_m": 20.0,
  "total_frames": 115,
  "accepted_fixes": 35,
  "no_fix_frames": 80,
  "coverage": 0.30434782608695654,
  "coverage_percent": 30.434782608695656,
  "accepted_mean_error_m": 13.670147085175712,
  "accepted_median_error_m": 10.584161711133305,
  "accepted_p90_error_m": 27.92787618043816,
  "accepted_max_error_m": 39.06546971223486,
  "good_fixes": 28,
  "false_fixes": 7,
  "good_fix_rate_among_accepted": 0.8,
  "good_fix_rate_among_all_frames": 0.24347826086956523,
  "mean_time_between_fixes_s": 1.9998235294117646,
  "median_time_between_fixes_s": 1.0009999999999997,
  "longest_gap_without_fix_s": 46.007999999999996,
  "always_output_mean_error_m": 18.829827202391794,
  "always_output_median_error_m": 15.214161450526598,
  "always_output_good_fix_rate": 0.6521739130434783,
  "selection_min_coverage": 0.3,
  "selection_max_longest_gap_s": 60.0
}