{
  "queries": 118,
  "mean_error_m": 161.80054185264402,
  "median_error_m": 130.59722661665182,
  "p90_error_m": 341.7873234724964,
  "max_error_m": 446.39541901019896,
  "oracle_top_k_mean_error_m": 60.74482571189145,
  "oracle_top_k_median_error_m": 41.18448298165649,
  "reference_hits": {
    "v1": 118
  }
}